Cites,Authors,Title,Year,Source,Publisher,ArticleURL,CitesURL,GSRank,QueryDate,Type,DOI,ISSN,CitationURL,Volume,Issue,StartPage,EndPage,ECC,CitesPerYear,CitesPerAuthor,AuthorCount,Age,Abstract,FullTextURL,RelatedURL
19,"J. Morán","FlakyLoc: Flakiness localization for reliable test suites in web applications",2020,"Journal of Web Engineering","","https://www.scopus.com/inward/record.uri?partnerID=HzOxMe3b&scp=85097957311&origin=inward","https://www.scopus.com/inward/citedby.uri?partnerID=HzOxMe3b&scp=85097957311&origin=inward",1,"2025-06-19 10:13:05","Article","10.13052/jwe1540-9589.1927","1540-9589","https://api.elsevier.com/content/abstract/scopus_id/85097957311",19,2,267,296,19,3.80,19,1,5,"","",""
18,"V. Muthukumaran","A cloud-assisted proxy re-encryption scheme for efficient data sharing across IoT systems",2020,"International Journal of Information Technology and Web Engineering","","https://www.scopus.com/inward/record.uri?partnerID=HzOxMe3b&scp=85094119607&origin=inward","https://www.scopus.com/inward/citedby.uri?partnerID=HzOxMe3b&scp=85094119607&origin=inward",2,"2025-06-19 10:13:05","Article","10.4018/IJITWE.2020100102","1554-1045","https://api.elsevier.com/content/abstract/scopus_id/85094119607",15,4,18,36,18,3.60,18,1,5,"","",""
17,"F. Maazouzi","An effective recommender system based on clustering technique for ted talks",2020,"International Journal of Information Technology and Web Engineering","","https://www.scopus.com/inward/record.uri?partnerID=HzOxMe3b&scp=85072102436&origin=inward","https://www.scopus.com/inward/citedby.uri?partnerID=HzOxMe3b&scp=85072102436&origin=inward",3,"2025-06-19 10:13:05","Article","10.4018/IJITWE.2020010103","1554-1045","https://api.elsevier.com/content/abstract/scopus_id/85072102436",15,1,35,51,17,3.40,17,1,5,"","",""
15,"S. Natesan","FLCEER: Fuzzy logic cluster-based energy efficient routing protocol for underwater acoustic sensor network",2020,"International Journal of Information Technology and Web Engineering","","https://www.scopus.com/inward/record.uri?partnerID=HzOxMe3b&scp=85089602374&origin=inward","https://www.scopus.com/inward/citedby.uri?partnerID=HzOxMe3b&scp=85089602374&origin=inward",4,"2025-06-19 10:13:05","Article","10.4018/IJITWE.2020070105","1554-1045","https://api.elsevier.com/content/abstract/scopus_id/85089602374",15,3,76,101,15,3.00,15,1,5,"","",""
15,"A.M. Rinaldi","A semantic matching strategy for very large knowledge bases integration",2020,"International Journal of Information Technology and Web Engineering","","https://www.scopus.com/inward/record.uri?partnerID=HzOxMe3b&scp=85083555073&origin=inward","https://www.scopus.com/inward/citedby.uri?partnerID=HzOxMe3b&scp=85083555073&origin=inward",5,"2025-06-19 10:13:05","Article","10.4018/IJITWE.2020040101","1554-1045","https://api.elsevier.com/content/abstract/scopus_id/85083555073",15,2,1,29,15,3.00,15,1,5,"","",""
14,"P. Singh","Impact of method noise on sar image despeckling",2020,"International Journal of Information Technology and Web Engineering","","https://www.scopus.com/inward/record.uri?partnerID=HzOxMe3b&scp=85075044325&origin=inward","https://www.scopus.com/inward/citedby.uri?partnerID=HzOxMe3b&scp=85075044325&origin=inward",6,"2025-06-19 10:13:05","Article","10.4018/IJITWE.2020010104","1554-1045","https://api.elsevier.com/content/abstract/scopus_id/85075044325",15,1,52,63,14,2.80,14,1,5,"","",""
14,"A. Mahmood","On modelling for bias-aware sentiment analysis and its impact in twitter",2020,"Journal of Web Engineering","","https://www.scopus.com/inward/record.uri?partnerID=HzOxMe3b&scp=85091241756&origin=inward","https://www.scopus.com/inward/citedby.uri?partnerID=HzOxMe3b&scp=85091241756&origin=inward",7,"2025-06-19 10:13:05","Article","10.13052/jwe1540-9589.1911","1540-9589","https://api.elsevier.com/content/abstract/scopus_id/85091241756",19,1,1,28,14,2.80,14,1,5,"","",""
13,"O. Al-Debagy","A metrics framework for evaluating microservices architecture designs",2020,"Journal of Web Engineering","","https://www.scopus.com/inward/record.uri?partnerID=HzOxMe3b&scp=85097953752&origin=inward","https://www.scopus.com/inward/citedby.uri?partnerID=HzOxMe3b&scp=85097953752&origin=inward",8,"2025-06-19 10:13:05","Article","10.13052/jwe1540-9589.19341","1540-9589","https://api.elsevier.com/content/abstract/scopus_id/85097953752",19,3,341,369,13,2.60,13,1,5,"","",""
12,"B. Fatima","A mixed deep learning based model to early detection of depression",2020,"Journal of Web Engineering","","https://www.scopus.com/inward/record.uri?partnerID=HzOxMe3b&scp=85097946595&origin=inward","https://www.scopus.com/inward/citedby.uri?partnerID=HzOxMe3b&scp=85097946595&origin=inward",9,"2025-06-19 10:13:05","Article","10.13052/jwe1540-9589.19344","1540-9589","https://api.elsevier.com/content/abstract/scopus_id/85097946595",19,3,429,456,12,2.40,12,1,5,"","",""
12,"D. Bermbach","Benchmarking web API quality – Revisited",2020,"Journal of Web Engineering","","https://www.scopus.com/inward/record.uri?partnerID=HzOxMe3b&scp=85097947327&origin=inward","https://www.scopus.com/inward/citedby.uri?partnerID=HzOxMe3b&scp=85097947327&origin=inward",10,"2025-06-19 10:13:05","Article","10.13052/jwe1540-9589.19563","1540-9589","https://api.elsevier.com/content/abstract/scopus_id/85097947327",19,5,603,646,12,2.40,12,1,5,"","",""
11,"S.H. Alvarado","Developing web-based geographic information systems with a DSL: Proposal and case study",2020,"Journal of Web Engineering","","https://www.scopus.com/inward/record.uri?partnerID=HzOxMe3b&scp=85097947928&origin=inward","https://www.scopus.com/inward/citedby.uri?partnerID=HzOxMe3b&scp=85097947928&origin=inward",11,"2025-06-19 10:13:05","Article","10.13052/jwe1540-9589.1923","1540-9589","https://api.elsevier.com/content/abstract/scopus_id/85097947928",19,2,167,193,11,2.20,11,1,5,"","",""
11,"G. Sun","Eye tracking and ROI detection within a computer screen using a monocular camera",2020,"Journal of Web Engineering","","https://www.scopus.com/inward/record.uri?partnerID=HzOxMe3b&scp=85098231736&origin=inward","https://www.scopus.com/inward/citedby.uri?partnerID=HzOxMe3b&scp=85098231736&origin=inward",12,"2025-06-19 10:13:05","Article","10.13052/jwe1540-9589.19789","1540-9589","https://api.elsevier.com/content/abstract/scopus_id/85098231736",19,7,1117,1146,11,2.20,11,1,5,"","",""
11,"L. Qiang","Artificial neural network controller for automatic ship berthing using separate route",2020,"Journal of Web Engineering","","https://www.scopus.com/inward/record.uri?partnerID=HzOxMe3b&scp=85098187846&origin=inward","https://www.scopus.com/inward/citedby.uri?partnerID=HzOxMe3b&scp=85098187846&origin=inward",13,"2025-06-19 10:13:05","Article","10.13052/jwe1540-9589.19788","1540-9589","https://api.elsevier.com/content/abstract/scopus_id/85098187846",19,7,1089,1116,11,2.20,11,1,5,"","",""
10,"J. Kaivo-Oja","Picking the ICT technology winners - Longitudinal analysis of 21st century technologies based on the Gartner hype cycle 2008-2017: Trends, tendencies, and weak signals",2020,"International Journal of Web Engineering and Technology","","https://www.scopus.com/inward/record.uri?partnerID=HzOxMe3b&scp=85100934891&origin=inward","https://www.scopus.com/inward/citedby.uri?partnerID=HzOxMe3b&scp=85100934891&origin=inward",14,"2025-06-19 10:13:05","Article","10.1504/IJWET.2020.113065","1476-1289","https://api.elsevier.com/content/abstract/scopus_id/85100934891",15,3,216,264,10,2.00,10,1,5,"","",""
9,"V. Sathiyamoorthi","An intelligent system for predicting a user access to a web based e-learning system using web mining",2020,"International Journal of Information Technology and Web Engineering","","https://www.scopus.com/inward/record.uri?partnerID=HzOxMe3b&scp=85075079405&origin=inward","https://www.scopus.com/inward/citedby.uri?partnerID=HzOxMe3b&scp=85075079405&origin=inward",15,"2025-06-19 10:13:05","Article","10.4018/IJITWE.2020010106","1554-1045","https://api.elsevier.com/content/abstract/scopus_id/85075079405",15,1,75,94,9,1.80,9,1,5,"","",""
9,"S. Chhabra","A secure VM allocation scheme to preserve against co-resident threat",2020,"International Journal of Web Engineering and Technology","","https://www.scopus.com/inward/record.uri?partnerID=HzOxMe3b&scp=85086499989&origin=inward","https://www.scopus.com/inward/citedby.uri?partnerID=HzOxMe3b&scp=85086499989&origin=inward",16,"2025-06-19 10:13:05","Article","10.1504/IJWET.2020.107686","1476-1289","https://api.elsevier.com/content/abstract/scopus_id/85086499989",15,1,96,115,9,1.80,9,1,5,"","",""
9,"S.R. Pandey","Mobile notification system for blood pressure and heartbeat anomaly detection",2020,"Journal of Web Engineering","","https://www.scopus.com/inward/record.uri?partnerID=HzOxMe3b&scp=85097927799&origin=inward","https://www.scopus.com/inward/citedby.uri?partnerID=HzOxMe3b&scp=85097927799&origin=inward",17,"2025-06-19 10:13:05","Article","10.13052/jwe1540-9589.19568","1540-9589","https://api.elsevier.com/content/abstract/scopus_id/85097927799",19,5,747,773,9,1.80,9,1,5,"","",""
9,"A. Hinderks","Applying Importance-Performance Analysis (IPA) to interpret the results of the user experience questionnaire (UEQ)",2020,"Journal of Web Engineering","","https://www.scopus.com/inward/record.uri?partnerID=HzOxMe3b&scp=85091347034&origin=inward","https://www.scopus.com/inward/citedby.uri?partnerID=HzOxMe3b&scp=85091347034&origin=inward",18,"2025-06-19 10:13:05","Article","10.13052/jwe1540-9589.1926","1540-9589","https://api.elsevier.com/content/abstract/scopus_id/85091347034",19,2,243,266,9,1.80,9,1,5,"","",""
9,"S. Chen","A method of stereoscopic display for dynamic 3D graphics on android platform",2020,"Journal of Web Engineering","","https://www.scopus.com/inward/record.uri?partnerID=HzOxMe3b&scp=85097942976&origin=inward","https://www.scopus.com/inward/citedby.uri?partnerID=HzOxMe3b&scp=85097942976&origin=inward",19,"2025-06-19 10:13:05","Article","10.13052/jwe1540-9589.195612","1540-9589","https://api.elsevier.com/content/abstract/scopus_id/85097942976",19,5,849,864,9,1.80,9,1,5,"","",""
9,"J. Kaivo-Oja","Digital twin: Current shifts and their future implications in the conditions of technological disruption",2020,"International Journal of Web Engineering and Technology","","https://www.scopus.com/inward/record.uri?partnerID=HzOxMe3b&scp=85091904352&origin=inward","https://www.scopus.com/inward/citedby.uri?partnerID=HzOxMe3b&scp=85091904352&origin=inward",20,"2025-06-19 10:13:05","Article","10.1504/ijwet.2020.109730","1476-1289","https://api.elsevier.com/content/abstract/scopus_id/85091904352",15,2,170,188,9,1.80,9,1,5,"","",""
8,"A. Saighi","On using multiple disabilities profiles to adapt multimedia documents: A novel graph-based method",2020,"International Journal of Information Technology and Web Engineering","","https://www.scopus.com/inward/record.uri?partnerID=HzOxMe3b&scp=85089564702&origin=inward","https://www.scopus.com/inward/citedby.uri?partnerID=HzOxMe3b&scp=85089564702&origin=inward",21,"2025-06-19 10:13:05","Article","10.4018/IJITWE.2020070103","1554-1045","https://api.elsevier.com/content/abstract/scopus_id/85089564702",15,3,34,60,8,1.60,8,1,5,"","",""
8,"F. Ghorbel","Dealing with precise and imprecise temporal data in crisp ontology",2020,"International Journal of Information Technology and Web Engineering","","https://www.scopus.com/inward/record.uri?partnerID=HzOxMe3b&scp=85083593153&origin=inward","https://www.scopus.com/inward/citedby.uri?partnerID=HzOxMe3b&scp=85083593153&origin=inward",22,"2025-06-19 10:13:05","Article","10.4018/IJITWE.2020040102","1554-1045","https://api.elsevier.com/content/abstract/scopus_id/85083593153",15,2,30,49,8,1.60,8,1,5,"","",""
8,"S. Guan","Improvement of TCP Vegas algorithm based on forward direction delay",2020,"International Journal of Web Engineering and Technology","","https://www.scopus.com/inward/record.uri?partnerID=HzOxMe3b&scp=85086501575&origin=inward","https://www.scopus.com/inward/citedby.uri?partnerID=HzOxMe3b&scp=85086501575&origin=inward",23,"2025-06-19 10:13:05","Article","10.1504/IJWET.2020.107690","1476-1289","https://api.elsevier.com/content/abstract/scopus_id/85086501575",15,1,81,95,8,1.60,8,1,5,"","",""
7,"H. Guo","Research on indoor wireless positioning precision optimization based on UWB",2020,"Journal of Web Engineering","","https://www.scopus.com/inward/record.uri?partnerID=HzOxMe3b&scp=85098126679&origin=inward","https://www.scopus.com/inward/citedby.uri?partnerID=HzOxMe3b&scp=85098126679&origin=inward",24,"2025-06-19 10:13:05","Article","10.13052/jwe1540-9589.19785","1540-9589","https://api.elsevier.com/content/abstract/scopus_id/85098126679",19,7,1017,1048,7,1.40,7,1,5,"","",""
7,"Y. Xie","Design of a hybrid digital watermarking algorithm with high robustness",2020,"Journal of Web Engineering","","https://www.scopus.com/inward/record.uri?partnerID=HzOxMe3b&scp=85097945613&origin=inward","https://www.scopus.com/inward/citedby.uri?partnerID=HzOxMe3b&scp=85097945613&origin=inward",25,"2025-06-19 10:13:05","Article","10.13052/jwe1540-9589.19567","1540-9589","https://api.elsevier.com/content/abstract/scopus_id/85097945613",19,5,725,746,7,1.40,7,1,5,"","",""
7,"I.M. Alsmadi","Short text classification using feature enrichment from credible texts",2020,"International Journal of Web Engineering and Technology","","https://www.scopus.com/inward/record.uri?partnerID=HzOxMe3b&scp=85086499091&origin=inward","https://www.scopus.com/inward/citedby.uri?partnerID=HzOxMe3b&scp=85086499091&origin=inward",26,"2025-06-19 10:13:05","Article","10.1504/IJWET.2020.107689","1476-1289","https://api.elsevier.com/content/abstract/scopus_id/85086499091",15,1,59,80,7,1.40,7,1,5,"","",""
7,"V.D. Prabha","Sentimental analysis using capsule network with gravitational search algorithm",2020,"Journal of Web Engineering","","https://www.scopus.com/inward/record.uri?partnerID=HzOxMe3b&scp=85097926355&origin=inward","https://www.scopus.com/inward/citedby.uri?partnerID=HzOxMe3b&scp=85097926355&origin=inward",27,"2025-06-19 10:13:05","Article","10.13052/jwe1540-9589.19569","1540-9589","https://api.elsevier.com/content/abstract/scopus_id/85097926355",19,5,775,794,7,1.40,7,1,5,"","",""
6,"C. González-Mora","Model-based generation of web application programming interfaces to access open data",2020,"Journal of Web Engineering","","https://www.scopus.com/inward/record.uri?partnerID=HzOxMe3b&scp=85098136006&origin=inward","https://www.scopus.com/inward/citedby.uri?partnerID=HzOxMe3b&scp=85098136006&origin=inward",28,"2025-06-19 10:13:05","Article","10.13052/jwe1540-9589.197810","1540-9589","https://api.elsevier.com/content/abstract/scopus_id/85098136006",19,7,1147,1172,6,1.20,6,1,5,"","",""
6,"L. Zhu","Implementation of web log mining device under apriori algorithm improvement and confidence formula optimization",2020,"International Journal of Information Technology and Web Engineering","","https://www.scopus.com/inward/record.uri?partnerID=HzOxMe3b&scp=85094168103&origin=inward","https://www.scopus.com/inward/citedby.uri?partnerID=HzOxMe3b&scp=85094168103&origin=inward",29,"2025-06-19 10:13:05","Article","10.4018/IJITWE.2020100104","1554-1045","https://api.elsevier.com/content/abstract/scopus_id/85094168103",15,4,53,71,6,1.20,6,1,5,"","",""
6,"D.J. Ferreira","Unveiling usability and ux relationships for different gender, users habits and contexts of use",2020,"Journal of Web Engineering","","https://www.scopus.com/inward/record.uri?partnerID=HzOxMe3b&scp=85097951303&origin=inward","https://www.scopus.com/inward/citedby.uri?partnerID=HzOxMe3b&scp=85097951303&origin=inward",30,"2025-06-19 10:13:05","Article","10.13052/jwe1540-9589.195611","1540-9589","https://api.elsevier.com/content/abstract/scopus_id/85097951303",19,5,819,847,6,1.20,6,1,5,"","",""
6,"H. Arabi","A context-aware personalized hybrid book recommender system",2020,"Journal of Web Engineering","","https://www.scopus.com/inward/record.uri?partnerID=HzOxMe3b&scp=85097964523&origin=inward","https://www.scopus.com/inward/citedby.uri?partnerID=HzOxMe3b&scp=85097964523&origin=inward",31,"2025-06-19 10:13:05","Article","10.13052/jwe1540-9589.19343","1540-9589","https://api.elsevier.com/content/abstract/scopus_id/85097964523",19,3,405,427,6,1.20,6,1,5,"","",""
6,"L.M. Gupta","TBHM: A secure threshold-based encryption combined with homomorphic properties for communicating health records",2020,"International Journal of Information Technology and Web Engineering","","https://www.scopus.com/inward/record.uri?partnerID=HzOxMe3b&scp=85089557638&origin=inward","https://www.scopus.com/inward/citedby.uri?partnerID=HzOxMe3b&scp=85089557638&origin=inward",32,"2025-06-19 10:13:05","Article","10.4018/IJITWE.2020070101","1554-1045","https://api.elsevier.com/content/abstract/scopus_id/85089557638",15,3,1,17,6,1.20,6,1,5,"","",""
6,"A. Shoukry","Machine learning and semantic orientation ensemble methods for egyptian telecom tweets sentiment analysis",2020,"Journal of Web Engineering","","https://www.scopus.com/inward/record.uri?partnerID=HzOxMe3b&scp=85097951631&origin=inward","https://www.scopus.com/inward/citedby.uri?partnerID=HzOxMe3b&scp=85097951631&origin=inward",33,"2025-06-19 10:13:05","Article","10.13052/jwe1540-9589.1924","1540-9589","https://api.elsevier.com/content/abstract/scopus_id/85097951631",19,2,195,214,6,1.20,6,1,5,"","",""
5,"S. Menaceur","Using query expansion techniques and content-based filtering for personalizing analysis in big data",2020,"International Journal of Information Technology and Web Engineering","","https://www.scopus.com/inward/record.uri?partnerID=HzOxMe3b&scp=85083590298&origin=inward","https://www.scopus.com/inward/citedby.uri?partnerID=HzOxMe3b&scp=85083590298&origin=inward",34,"2025-06-19 10:13:05","Article","10.4018/IJITWE.2020040104","1554-1045","https://api.elsevier.com/content/abstract/scopus_id/85083590298",15,2,77,101,5,1.00,5,1,5,"","",""
5,"N. Sánchez-Gómez","The importance of testing in the early stages of smart contract development life cycle",2020,"Journal of Web Engineering","","https://www.scopus.com/inward/record.uri?partnerID=HzOxMe3b&scp=85097959794&origin=inward","https://www.scopus.com/inward/citedby.uri?partnerID=HzOxMe3b&scp=85097959794&origin=inward",35,"2025-06-19 10:13:05","Article","10.13052/jwe1540-9589.1925","1540-9589","https://api.elsevier.com/content/abstract/scopus_id/85097959794",19,2,215,242,5,1.00,5,1,5,"","",""
5,"M. He","Human behavior feature representation and recognition based on depth video",2020,"Journal of Web Engineering","","https://www.scopus.com/inward/record.uri?partnerID=HzOxMe3b&scp=85097948489&origin=inward","https://www.scopus.com/inward/citedby.uri?partnerID=HzOxMe3b&scp=85097948489&origin=inward",36,"2025-06-19 10:13:05","Article","10.13052/jwe1540-9589.195614","1540-9589","https://api.elsevier.com/content/abstract/scopus_id/85097948489",19,5,883,902,5,1.00,5,1,5,"","",""
5,"C. Camilleri","ThespisTRX: Causally-consistent read transactions",2020,"International Journal of Information Technology and Web Engineering","","https://www.scopus.com/inward/record.uri?partnerID=HzOxMe3b&scp=85075077048&origin=inward","https://www.scopus.com/inward/citedby.uri?partnerID=HzOxMe3b&scp=85075077048&origin=inward",37,"2025-06-19 10:13:05","Article","10.4018/IJITWE.2020010101","1554-1045","https://api.elsevier.com/content/abstract/scopus_id/85075077048",15,1,1,16,5,1.00,5,1,5,"","",""
4,"A. Kumar","Malware analysis through random forest approach",2020,"Journal of Web Engineering","","https://www.scopus.com/inward/record.uri?partnerID=HzOxMe3b&scp=85097946587&origin=inward","https://www.scopus.com/inward/citedby.uri?partnerID=HzOxMe3b&scp=85097946587&origin=inward",38,"2025-06-19 10:13:05","Article","10.13052/jwe1540-9589.195610","1540-9589","https://api.elsevier.com/content/abstract/scopus_id/85097946587",19,5,795,818,4,0.80,4,1,5,"","",""
4,"J.G. Enríquez","A unified model representation of machine learning knowledge",2020,"Journal of Web Engineering","","https://www.scopus.com/inward/record.uri?partnerID=HzOxMe3b&scp=85091334639&origin=inward","https://www.scopus.com/inward/citedby.uri?partnerID=HzOxMe3b&scp=85091334639&origin=inward",39,"2025-06-19 10:13:05","Article","10.13052/jwe1540-9589.1929","1540-9589","https://api.elsevier.com/content/abstract/scopus_id/85091334639",19,2,319,340,4,0.80,4,1,5,"","",""
4,"P.K. Jadwal","Spectral clustering and cost-sensitive deep neural network-based undersampling approach for P2P lending data",2020,"International Journal of Information Technology and Web Engineering","","https://www.scopus.com/inward/record.uri?partnerID=HzOxMe3b&scp=85094113345&origin=inward","https://www.scopus.com/inward/citedby.uri?partnerID=HzOxMe3b&scp=85094113345&origin=inward",40,"2025-06-19 10:13:05","Article","10.4018/IJITWE.2020100103","1554-1045","https://api.elsevier.com/content/abstract/scopus_id/85094113345",15,4,37,52,4,0.80,4,1,5,"","",""
4,"S. Gherbi","ONTMAT1: Ontology matching using a reasoner and property restriction",2020,"International Journal of Web Engineering and Technology","","https://www.scopus.com/inward/record.uri?partnerID=HzOxMe3b&scp=85091930181&origin=inward","https://www.scopus.com/inward/citedby.uri?partnerID=HzOxMe3b&scp=85091930181&origin=inward",41,"2025-06-19 10:13:05","Article","10.1504/ijwet.2020.109728","1476-1289","https://api.elsevier.com/content/abstract/scopus_id/85091930181",15,2,119,139,4,0.80,4,1,5,"","",""
4,"W. Zhang","Scheduling algorithm based on heterogeneity and confidence for mimic defense",2020,"Journal of Web Engineering","","https://www.scopus.com/inward/record.uri?partnerID=HzOxMe3b&scp=85098141475&origin=inward","https://www.scopus.com/inward/citedby.uri?partnerID=HzOxMe3b&scp=85098141475&origin=inward",42,"2025-06-19 10:13:05","Article","10.13052/jwe1540-9589.19783","1540-9589","https://api.elsevier.com/content/abstract/scopus_id/85098141475",19,7,971,998,4,0.80,4,1,5,"","",""
4,"N.M. Alsharman","Generating summaries through unigram and bigram: Text summarization",2020,"International Journal of Information Technology and Web Engineering","","https://www.scopus.com/inward/record.uri?partnerID=HzOxMe3b&scp=85075086797&origin=inward","https://www.scopus.com/inward/citedby.uri?partnerID=HzOxMe3b&scp=85075086797&origin=inward",43,"2025-06-19 10:13:05","Article","10.4018/IJITWE.2020010105","1554-1045","https://api.elsevier.com/content/abstract/scopus_id/85075086797",15,1,64,74,4,0.80,4,1,5,"","",""
4,"S.S. Rodrigues","A checklist for the evaluation of web accessibility and usability for brazilian older adults",2020,"Journal of Web Engineering","","https://www.scopus.com/inward/record.uri?partnerID=HzOxMe3b&scp=85097955658&origin=inward","https://www.scopus.com/inward/citedby.uri?partnerID=HzOxMe3b&scp=85097955658&origin=inward",44,"2025-06-19 10:13:05","Article","10.13052/jwe1540-9589.1913","1540-9589","https://api.elsevier.com/content/abstract/scopus_id/85097955658",19,1,63,108,4,0.80,4,1,5,"","",""
4,"Y. Qiu","A novel algorithm for distributed data stream using big data classification model",2020,"International Journal of Information Technology and Web Engineering","","https://www.scopus.com/inward/record.uri?partnerID=HzOxMe3b&scp=85094158239&origin=inward","https://www.scopus.com/inward/citedby.uri?partnerID=HzOxMe3b&scp=85094158239&origin=inward",45,"2025-06-19 10:13:05","Article","10.4018/IJITWE.2020100101","1554-1045","https://api.elsevier.com/content/abstract/scopus_id/85094158239",15,4,1,17,4,0.80,4,1,5,"","",""
4,"Y. Chen","RDF object description generator",2020,"International Journal of Web Engineering and Technology","","https://www.scopus.com/inward/record.uri?partnerID=HzOxMe3b&scp=85091919241&origin=inward","https://www.scopus.com/inward/citedby.uri?partnerID=HzOxMe3b&scp=85091919241&origin=inward",46,"2025-06-19 10:13:05","Article","10.1504/ijwet.2020.109729","1476-1289","https://api.elsevier.com/content/abstract/scopus_id/85091919241",15,2,140,169,4,0.80,4,1,5,"","",""
4,"Y. Li","Fitness coach: Design and implementation of a smart mirror based on automatic image recognition and action model comparison",2020,"International Journal of Web Engineering and Technology","","https://www.scopus.com/inward/record.uri?partnerID=HzOxMe3b&scp=85100933260&origin=inward","https://www.scopus.com/inward/citedby.uri?partnerID=HzOxMe3b&scp=85100933260&origin=inward",47,"2025-06-19 10:13:05","Article","10.1504/IJWET.2020.113066","1476-1289","https://api.elsevier.com/content/abstract/scopus_id/85100933260",15,3,265,282,4,0.80,4,1,5,"","",""
3,"J. Guan","Fault-tolerant and congestion balanced routing algorithm for 2D mesh NoCs",2020,"Journal of Web Engineering","","https://www.scopus.com/inward/record.uri?partnerID=HzOxMe3b&scp=85098112291&origin=inward","https://www.scopus.com/inward/citedby.uri?partnerID=HzOxMe3b&scp=85098112291&origin=inward",48,"2025-06-19 10:13:05","Article","10.13052/jwe1540-9589.19786","1540-9589","https://api.elsevier.com/content/abstract/scopus_id/85098112291",19,7,1049,1066,3,0.60,3,1,5,"","",""
3,"M.E. Ouldkablia","IoT-based smart home process management using a workflow approach",2020,"International Journal of Information Technology and Web Engineering","","https://www.scopus.com/inward/record.uri?partnerID=HzOxMe3b&scp=85083591523&origin=inward","https://www.scopus.com/inward/citedby.uri?partnerID=HzOxMe3b&scp=85083591523&origin=inward",49,"2025-06-19 10:13:05","Article","10.4018/IJITWE.2020040103","1554-1045","https://api.elsevier.com/content/abstract/scopus_id/85083591523",15,2,50,76,3,0.60,3,1,5,"","",""
3,"H. Zhao","The research on two phase pickup vehicle routing based on the K-means++ and genetic algorithms",2020,"International Journal of Web Engineering and Technology","","https://www.scopus.com/inward/record.uri?partnerID=HzOxMe3b&scp=85086498770&origin=inward","https://www.scopus.com/inward/citedby.uri?partnerID=HzOxMe3b&scp=85086498770&origin=inward",50,"2025-06-19 10:13:05","Article","10.1504/IJWET.2020.107685","1476-1289","https://api.elsevier.com/content/abstract/scopus_id/85086498770",15,1,32,58,3,0.60,3,1,5,"","",""
2,"X. Wei","An application of CHNN for FANETs routing optimization",2020,"Journal of Web Engineering","","https://www.scopus.com/inward/record.uri?partnerID=HzOxMe3b&scp=85097963550&origin=inward","https://www.scopus.com/inward/citedby.uri?partnerID=HzOxMe3b&scp=85097963550&origin=inward",51,"2025-06-19 10:13:05","Article","10.13052/jwe1540-9589.195613","1540-9589","https://api.elsevier.com/content/abstract/scopus_id/85097963550",19,5,865,882,2,0.40,2,1,5,"","",""
2,"S. Zatout","A model-driven approach for the verification of an adaptive service composition",2020,"International Journal of Web Engineering and Technology","","https://www.scopus.com/inward/record.uri?partnerID=HzOxMe3b&scp=85086504459&origin=inward","https://www.scopus.com/inward/citedby.uri?partnerID=HzOxMe3b&scp=85086504459&origin=inward",52,"2025-06-19 10:13:05","Article","10.1504/IJWET.2020.107678","1476-1289","https://api.elsevier.com/content/abstract/scopus_id/85086504459",15,1,4,31,2,0.40,2,1,5,"","",""
2,"A. Chader","The strength of considering tie strength in social interest profiling",2020,"Journal of Web Engineering","","https://www.scopus.com/inward/record.uri?partnerID=HzOxMe3b&scp=85097926099&origin=inward","https://www.scopus.com/inward/citedby.uri?partnerID=HzOxMe3b&scp=85097926099&origin=inward",53,"2025-06-19 10:13:05","Article","10.13052/jwe1540-9589.19345","1540-9589","https://api.elsevier.com/content/abstract/scopus_id/85097926099",19,3,457,502,2,0.40,2,1,5,"","",""
2,"R. Charanya","Integrity of e-health record ensured with context-based merkle tree through temporal shadow in blockchain",2020,"International Journal of Information Technology and Web Engineering","","https://www.scopus.com/inward/record.uri?partnerID=HzOxMe3b&scp=85094174195&origin=inward","https://www.scopus.com/inward/citedby.uri?partnerID=HzOxMe3b&scp=85094174195&origin=inward",54,"2025-06-19 10:13:05","Article","10.4018/IJITWE.2020100105","1554-1045","https://api.elsevier.com/content/abstract/scopus_id/85094174195",15,4,72,87,2,0.40,2,1,5,"","",""
2,"S. Marrara","A language model-based approach for candidates with PhD profiling in a recruiting setting",2020,"International Journal of Web Engineering and Technology","","https://www.scopus.com/inward/record.uri?partnerID=HzOxMe3b&scp=85103901106&origin=inward","https://www.scopus.com/inward/citedby.uri?partnerID=HzOxMe3b&scp=85103901106&origin=inward",55,"2025-06-19 10:13:05","Article","10.1504/IJWET.2020.114031","1476-1289","https://api.elsevier.com/content/abstract/scopus_id/85103901106",15,4,407,436,2,0.40,2,1,5,"","",""
1,"R. Bernsteiner","A knowledge governance framework for open innovation projects",2020,"International Journal of Web Engineering and Technology","","https://www.scopus.com/inward/record.uri?partnerID=HzOxMe3b&scp=85091931232&origin=inward","https://www.scopus.com/inward/citedby.uri?partnerID=HzOxMe3b&scp=85091931232&origin=inward",56,"2025-06-19 10:13:05","Article","10.1504/ijwet.2020.109731","1476-1289","https://api.elsevier.com/content/abstract/scopus_id/85091931232",15,2,189,212,1,0.20,1,1,5,"","",""
1,"I. Ekong","EHealth adoption on patients' pre-consultation waiting time: A comparative assessment of two district hospitals in Abuja, Nigeria",2020,"International Journal of Information Technology and Web Engineering","","https://www.scopus.com/inward/record.uri?partnerID=HzOxMe3b&scp=85083592943&origin=inward","https://www.scopus.com/inward/citedby.uri?partnerID=HzOxMe3b&scp=85083592943&origin=inward",57,"2025-06-19 10:13:05","Article","10.4018/IJITWE.2020040105","1554-1045","https://api.elsevier.com/content/abstract/scopus_id/85083592943",15,2,102,113,1,0.20,1,1,5,"","",""
1,"G.M. Muketha","Validating structural metrics for BPEL process models",2020,"Journal of Web Engineering","","https://www.scopus.com/inward/record.uri?partnerID=HzOxMe3b&scp=85097948867&origin=inward","https://www.scopus.com/inward/citedby.uri?partnerID=HzOxMe3b&scp=85097948867&origin=inward",58,"2025-06-19 10:13:05","Article","10.13052/jwe1540-9589.19566","1540-9589","https://api.elsevier.com/content/abstract/scopus_id/85097948867",19,5,707,723,1,0.20,1,1,5,"","",""
1,"J. Wang","The optimal resource self-configuration method of cognitive network for survivability enhancement",2020,"Journal of Web Engineering","","https://www.scopus.com/inward/record.uri?partnerID=HzOxMe3b&scp=85097961045&origin=inward","https://www.scopus.com/inward/citedby.uri?partnerID=HzOxMe3b&scp=85097961045&origin=inward",59,"2025-06-19 10:13:05","Article","10.13052/jwe1540-9589.19346","1540-9589","https://api.elsevier.com/content/abstract/scopus_id/85097961045",19,3,503,520,1,0.20,1,1,5,"","",""
1,"A.T. Kabakus","GitHubNet: Understanding the characteristics of GitHub network",2020,"Journal of Web Engineering","","https://www.scopus.com/inward/record.uri?partnerID=HzOxMe3b&scp=85097933612&origin=inward","https://www.scopus.com/inward/citedby.uri?partnerID=HzOxMe3b&scp=85097933612&origin=inward",60,"2025-06-19 10:13:05","Article","10.13052/jwe1540-9589.19561","1540-9589","https://api.elsevier.com/content/abstract/scopus_id/85097933612",19,5,557,574,1,0.20,1,1,5,"","",""
1,"A.T. Kabakus","GitHubNet: Understanding the characteristics of GitHub network",2020,"Journal of Web Engineering","","https://www.scopus.com/inward/record.uri?partnerID=HzOxMe3b&scp=85097933612&origin=inward","https://www.scopus.com/inward/citedby.uri?partnerID=HzOxMe3b&scp=85097933612&origin=inward",61,"2025-06-19 10:13:05","Article","10.13052/jwe1540-9589.19561","1540-9589","https://api.elsevier.com/content/abstract/scopus_id/85097933612",19,5,557,574,1,0.20,1,1,5,"","",""
1,"F. Wan","Chinese shallow semantic parsing based on multi-method of machine learning",2020,"Journal of Web Engineering","","https://www.scopus.com/inward/record.uri?partnerID=HzOxMe3b&scp=85097923117&origin=inward","https://www.scopus.com/inward/citedby.uri?partnerID=HzOxMe3b&scp=85097923117&origin=inward",62,"2025-06-19 10:13:05","Article","10.13052/jwe1540-9589.19565","1540-9589","https://api.elsevier.com/content/abstract/scopus_id/85097923117",19,5,685,706,1,0.20,1,1,5,"","",""
1,"X. Yin","An optimized algorithm to construct QC-LDPC matrix in compressed sensing",2020,"Journal of Web Engineering","","https://www.scopus.com/inward/record.uri?partnerID=HzOxMe3b&scp=85098114778&origin=inward","https://www.scopus.com/inward/citedby.uri?partnerID=HzOxMe3b&scp=85098114778&origin=inward",63,"2025-06-19 10:13:05","Article","10.13052/jwe1540-9589.19784","1540-9589","https://api.elsevier.com/content/abstract/scopus_id/85098114778",19,7,999,1016,1,0.20,1,1,5,"","",""
1,"V. Hakkoymaz","Information flow control with decentralized labeling model in information security",2020,"Journal of Web Engineering","","https://www.scopus.com/inward/record.uri?partnerID=HzOxMe3b&scp=85098170111&origin=inward","https://www.scopus.com/inward/citedby.uri?partnerID=HzOxMe3b&scp=85098170111&origin=inward",64,"2025-06-19 10:13:05","Article","10.13052/jwe1540-9589.19781","1540-9589","https://api.elsevier.com/content/abstract/scopus_id/85098170111",19,7,903,930,1,0.20,1,1,5,"","",""
1,"Y. Zhang","Dynamic evaluation of recommendation trust in open networks",2020,"Journal of Web Engineering","","https://www.scopus.com/inward/record.uri?partnerID=HzOxMe3b&scp=85098122828&origin=inward","https://www.scopus.com/inward/citedby.uri?partnerID=HzOxMe3b&scp=85098122828&origin=inward",65,"2025-06-19 10:13:05","Article","10.13052/jwe1540-9589.197811","1540-9589","https://api.elsevier.com/content/abstract/scopus_id/85098122828",19,7,1173,1192,1,0.20,1,1,5,"","",""
1,"L.M. Trujillo","A testability and observability framework to assure traceability requirements on system of systems",2020,"Journal of Web Engineering","","https://www.scopus.com/inward/record.uri?partnerID=HzOxMe3b&scp=85097923419&origin=inward","https://www.scopus.com/inward/citedby.uri?partnerID=HzOxMe3b&scp=85097923419&origin=inward",66,"2025-06-19 10:13:05","Article","10.13052/jwe1540-9589.1928","1540-9589","https://api.elsevier.com/content/abstract/scopus_id/85097923419",19,2,297,318,1,0.20,1,1,5,"","",""
1,"D. Margaris","An integer programming-based algorithm for optimising the WS-BPEL scenario execution adaptation process",2020,"International Journal of Web Engineering and Technology","","https://www.scopus.com/inward/record.uri?partnerID=HzOxMe3b&scp=85100939042&origin=inward","https://www.scopus.com/inward/citedby.uri?partnerID=HzOxMe3b&scp=85100939042&origin=inward",67,"2025-06-19 10:13:05","Article","10.1504/IJWET.2020.113068","1476-1289","https://api.elsevier.com/content/abstract/scopus_id/85100939042",15,3,307,332,1,0.20,1,1,5,"","",""
1,"M. Haidar","Clinical Potential of miRNAs in Human and Infectious Diseases",2020,"Journal of Web Engineering","","https://www.scopus.com/inward/record.uri?partnerID=HzOxMe3b&scp=105000420566&origin=inward","https://www.scopus.com/inward/citedby.uri?partnerID=HzOxMe3b&scp=105000420566&origin=inward",68,"2025-06-19 10:13:05","Article","10.13052/mct2052-8426.811","1540-9589","https://api.elsevier.com/content/abstract/scopus_id/105000420566",8,1,1,18,1,0.20,1,1,5,"","",""
1,"M. Kayed","GenDE: A CRF-based data extractor",2020,"Journal of Web Engineering","","https://www.scopus.com/inward/record.uri?partnerID=HzOxMe3b&scp=85097955393&origin=inward","https://www.scopus.com/inward/citedby.uri?partnerID=HzOxMe3b&scp=85097955393&origin=inward",69,"2025-06-19 10:13:05","Article","10.13052/jwe1540-9589.19342","1540-9589","https://api.elsevier.com/content/abstract/scopus_id/85097955393",19,3,371,404,1,0.20,1,1,5,"","",""
1,"S. Rajendran","Learning models for concept extraction from images with drug labels for a unified knowledge base utilizing NLP and IoT tasks",2020,"International Journal of Information Technology and Web Engineering","","https://www.scopus.com/inward/record.uri?partnerID=HzOxMe3b&scp=85089586962&origin=inward","https://www.scopus.com/inward/citedby.uri?partnerID=HzOxMe3b&scp=85089586962&origin=inward",70,"2025-06-19 10:13:05","Article","10.4018/IJITWE.2020070102","1554-1045","https://api.elsevier.com/content/abstract/scopus_id/85089586962",15,3,18,33,1,0.20,1,1,5,"","",""
1,"J.M. Conejero","LiveSankey: Advanced web visualization in data intelligence multi domain contexts",2020,"Journal of Web Engineering","","https://www.scopus.com/inward/record.uri?partnerID=HzOxMe3b&scp=85097954023&origin=inward","https://www.scopus.com/inward/citedby.uri?partnerID=HzOxMe3b&scp=85097954023&origin=inward",71,"2025-06-19 10:13:05","Article","10.13052/jwe1540-9589.1921","1540-9589","https://api.elsevier.com/content/abstract/scopus_id/85097954023",19,2,109,138,1,0.20,1,1,5,"","",""
1,"I.Y. Ko","A human-centric and environment-aware testing framework for providing safe and reliable cyber-physical system services",2020,"Journal of Web Engineering","","https://www.scopus.com/inward/record.uri?partnerID=HzOxMe3b&scp=85097939316&origin=inward","https://www.scopus.com/inward/citedby.uri?partnerID=HzOxMe3b&scp=85097939316&origin=inward",72,"2025-06-19 10:13:05","Article","10.13052/jwe1540-9589.1922","1540-9589","https://api.elsevier.com/content/abstract/scopus_id/85097939316",19,2,139,165,1,0.20,1,1,5,"","",""
0,"L. Uden","Editorial",2020,"International Journal of Web Engineering and Technology","","https://www.scopus.com/inward/record.uri?partnerID=HzOxMe3b&scp=85106788057&origin=inward","https://www.scopus.com/inward/citedby.uri?partnerID=HzOxMe3b&scp=85106788057&origin=inward",73,"2025-06-19 10:13:05","Editorial","","1476-1289","https://api.elsevier.com/content/abstract/scopus_id/85106788057",15,1,1,3,0,0.00,0,1,5,"","",""
0,"Q. Lu","Intelligent shelf system based on a support vector machine-neural network location algorithm",2020,"International Journal of Web Engineering and Technology","","https://www.scopus.com/inward/record.uri?partnerID=HzOxMe3b&scp=85103913061&origin=inward","https://www.scopus.com/inward/citedby.uri?partnerID=HzOxMe3b&scp=85103913061&origin=inward",74,"2025-06-19 10:13:05","Article","10.1504/IJWET.2020.114027","1476-1289","https://api.elsevier.com/content/abstract/scopus_id/85103913061",15,4,335,350,0,0.00,0,1,5,"","",""
0,"T. Peng","Verification of the instantiation and integration of security patterns",2020,"Journal of Web Engineering","","https://www.scopus.com/inward/record.uri?partnerID=HzOxMe3b&scp=85097928309&origin=inward","https://www.scopus.com/inward/citedby.uri?partnerID=HzOxMe3b&scp=85097928309&origin=inward",75,"2025-06-19 10:13:05","Article","10.13052/jwe1540-9589.19347","1540-9589","https://api.elsevier.com/content/abstract/scopus_id/85097928309",19,3,521,555,0,0.00,0,1,5,"","",""
0,"A. Gupta","A Novel method to dynamically fix threshold for node neighbourhood based link prediction techniques",2020,"International Journal of Information Technology and Web Engineering","","https://www.scopus.com/inward/record.uri?partnerID=HzOxMe3b&scp=85075061641&origin=inward","https://www.scopus.com/inward/citedby.uri?partnerID=HzOxMe3b&scp=85075061641&origin=inward",76,"2025-06-19 10:13:05","Article","10.4018/IJITWE.2020010102","1554-1045","https://api.elsevier.com/content/abstract/scopus_id/85075061641",15,1,17,34,0,0.00,0,1,5,"","",""
0,"K. Munonye","Enhancing performance of distributed transactions in microservices via buffered serialization",2020,"Journal of Web Engineering","","https://www.scopus.com/inward/record.uri?partnerID=HzOxMe3b&scp=85097939292&origin=inward","https://www.scopus.com/inward/citedby.uri?partnerID=HzOxMe3b&scp=85097939292&origin=inward",77,"2025-06-19 10:13:05","Article","10.13052/jwe1540-9589.19564","1540-9589","https://api.elsevier.com/content/abstract/scopus_id/85097939292",19,5,647,684,0,0.00,0,1,5,"","",""
0,"Z. Brahmia","Managing changes to XML schema design styles in a temporal and multi-version XML environment",2020,"International Journal of Web Engineering and Technology","","https://www.scopus.com/inward/record.uri?partnerID=HzOxMe3b&scp=85103915695&origin=inward","https://www.scopus.com/inward/citedby.uri?partnerID=HzOxMe3b&scp=85103915695&origin=inward",78,"2025-06-19 10:13:05","Article","10.1504/IJWET.2020.114028","1476-1289","https://api.elsevier.com/content/abstract/scopus_id/85103915695",15,4,351,382,0,0.00,0,1,5,"","",""
0,"L. Uden","Editorial",2020,"International Journal of Web Engineering and Technology","","https://www.scopus.com/inward/record.uri?partnerID=HzOxMe3b&scp=85100936729&origin=inward","https://www.scopus.com/inward/citedby.uri?partnerID=HzOxMe3b&scp=85100936729&origin=inward",79,"2025-06-19 10:13:05","Editorial","","1476-1289","https://api.elsevier.com/content/abstract/scopus_id/85100936729",15,3,213,215,0,0.00,0,1,5,"","",""
0,"D. Qu","Robust optimization of best-worst multi-criteria decision-making method",2020,"Journal of Web Engineering","","https://www.scopus.com/inward/record.uri?partnerID=HzOxMe3b&scp=85098149235&origin=inward","https://www.scopus.com/inward/citedby.uri?partnerID=HzOxMe3b&scp=85098149235&origin=inward",80,"2025-06-19 10:13:05","Article","10.13052/jwe1540-9589.19787","1540-9589","https://api.elsevier.com/content/abstract/scopus_id/85098149235",19,7,1067,1088,0,0.00,0,1,5,"","",""
0,"I. Varlamis","A distributed architecture for large scale news and social media processing",2020,"International Journal of Web Engineering and Technology","","https://www.scopus.com/inward/record.uri?partnerID=HzOxMe3b&scp=85103882812&origin=inward","https://www.scopus.com/inward/citedby.uri?partnerID=HzOxMe3b&scp=85103882812&origin=inward",81,"2025-06-19 10:13:05","Article","10.1504/IJWET.2020.114029","1476-1289","https://api.elsevier.com/content/abstract/scopus_id/85103882812",15,4,383,406,0,0.00,0,1,5,"","",""
0,"L. Uden","Editorial",2020,"International Journal of Web Engineering and Technology","","https://www.scopus.com/inward/record.uri?partnerID=HzOxMe3b&scp=85091948009&origin=inward","https://www.scopus.com/inward/citedby.uri?partnerID=HzOxMe3b&scp=85091948009&origin=inward",82,"2025-06-19 10:13:05","Editorial","","1476-1289","https://api.elsevier.com/content/abstract/scopus_id/85091948009",15,2,117,118,0,0.00,0,1,5,"","",""
0,"S. Gu","Abstract concept instantiation with context relevance measurement",2020,"Journal of Web Engineering","","https://www.scopus.com/inward/record.uri?partnerID=HzOxMe3b&scp=85097947729&origin=inward","https://www.scopus.com/inward/citedby.uri?partnerID=HzOxMe3b&scp=85097947729&origin=inward",83,"2025-06-19 10:13:05","Article","10.13052/jwe1540-9589.19562","1540-9589","https://api.elsevier.com/content/abstract/scopus_id/85097947729",19,5,575,602,0,0.00,0,1,5,"","",""
0,"J.G. Enríquez","Special issue on advanced practices in web engineering 2020",2020,"Journal of Web Engineering","","https://www.scopus.com/inward/record.uri?partnerID=HzOxMe3b&scp=85097946299&origin=inward","https://www.scopus.com/inward/citedby.uri?partnerID=HzOxMe3b&scp=85097946299&origin=inward",84,"2025-06-19 10:13:05","Editorial","","1540-9589","https://api.elsevier.com/content/abstract/scopus_id/85097946299",19,2,,,0,0.00,0,1,5,"","",""
0,"M.A. Taylor","Therapeutic Opportunities for Targeting microRNAs in Cancer",2020,"Journal of Web Engineering","","https://www.scopus.com/inward/record.uri?partnerID=HzOxMe3b&scp=105000501433&origin=inward","https://www.scopus.com/inward/citedby.uri?partnerID=HzOxMe3b&scp=105000501433&origin=inward",85,"2025-06-19 10:13:05","Article","10.13052/mct2052-8426.812","1540-9589","https://api.elsevier.com/content/abstract/scopus_id/105000501433",8,1,19,52,0,0.00,0,1,5,"","",""
0,"B. Ahuja","Dynamic query processing for hidden web data extraction from academic domain",2020,"Journal of Web Engineering","","https://www.scopus.com/inward/record.uri?partnerID=HzOxMe3b&scp=85098124499&origin=inward","https://www.scopus.com/inward/citedby.uri?partnerID=HzOxMe3b&scp=85098124499&origin=inward",86,"2025-06-19 10:13:05","Article","10.13052/jwe1540-9589.19782","1540-9589","https://api.elsevier.com/content/abstract/scopus_id/85098124499",19,7,931,970,0,0.00,0,1,5,"","",""
0,"S. Borst","Predicting individual behaviour: An empirical approach in online marketing",2020,"International Journal of Web Engineering and Technology","","https://www.scopus.com/inward/record.uri?partnerID=HzOxMe3b&scp=85100948056&origin=inward","https://www.scopus.com/inward/citedby.uri?partnerID=HzOxMe3b&scp=85100948056&origin=inward",87,"2025-06-19 10:13:05","Article","10.1504/IJWET.2020.113067","1476-1289","https://api.elsevier.com/content/abstract/scopus_id/85100948056",15,3,283,306,0,0.00,0,1,5,"","",""
0,"L.J. Gnanasigamani","Analysis of crime data using neighbourhood rough sets",2020,"International Journal of Information Technology and Web Engineering","","https://www.scopus.com/inward/record.uri?partnerID=HzOxMe3b&scp=85089588723&origin=inward","https://www.scopus.com/inward/citedby.uri?partnerID=HzOxMe3b&scp=85089588723&origin=inward",88,"2025-06-19 10:13:05","Article","10.4018/IJITWE.2020070104","1554-1045","https://api.elsevier.com/content/abstract/scopus_id/85089588723",15,3,61,75,0,0.00,0,1,5,"","",""
0,"L. Uden","Editorial",2020,"International Journal of Web Engineering and Technology","","https://www.scopus.com/inward/record.uri?partnerID=HzOxMe3b&scp=85103887077&origin=inward","https://www.scopus.com/inward/citedby.uri?partnerID=HzOxMe3b&scp=85103887077&origin=inward",89,"2025-06-19 10:13:05","Editorial","","1476-1289","https://api.elsevier.com/content/abstract/scopus_id/85103887077",15,4,333,334,0,0.00,0,1,5,"","",""
